{"cameraMode":{"drawMode":0,"name":"Shaded","section":"Shading Mode"},"sceneLighting":true,"audioPlay":false,"sceneViewState":{"m_AlwaysRefresh":false,"showFog":true,"showSkybox":true,"showFlares":true,"showImageEffects":true,"showParticleSystems":true,"showVisualEffectGraphs":true,"m_FxEnabled":true},"in2DMode":false,"pivot":{"x":52.405906677246097,"y":2.0669586658477785,"z":-8.940179824829102},"rotation":{"x":-0.22630801796913148,"y":-0.014028566889464856,"z":0.003259704913944006,"w":-0.9739500880241394},"size":7.1224236488342289,"orthographic":false}